[
{
 "model": "contenttypes.contenttype",
 "pk": 1,
 "fields": {
  "app_label": "admin",
  "model": "logentry"
 }
},
{
 "model": "contenttypes.contenttype",
 "pk": 2,
 "fields": {
  "app_label": "auth",
  "model": "permission"
 }
},
{
 "model": "contenttypes.contenttype",
 "pk": 3,
 "fields": {
  "app_label": "auth",
  "model": "group"
 }
},
{
 "model": "contenttypes.contenttype",
 "pk": 4,
 "fields": {
  "app_label": "contenttypes",
  "model": "contenttype"
 }
},
{
 "model": "contenttypes.contenttype",
 "pk": 5,
 "fields": {
  "app_label": "sessions",
  "model": "session"
 }
},
{
 "model": "contenttypes.contenttype",
 "pk": 6,
 "fields": {
  "app_label": "registration",
  "model": "user"
 }
},
{
 "model": "contenttypes.contenttype",
 "pk": 7,
 "fields": {
  "app_label": "shop",
  "model": "order"
 }
},
{
 "model": "contenttypes.contenttype",
 "pk": 8,
 "fields": {
  "app_label": "shop",
  "model": "section"
 }
},
{
 "model": "contenttypes.contenttype",
 "pk": 9,
 "fields": {
  "app_label": "shop",
  "model": "product"
 }
},
{
 "model": "contenttypes.contenttype",
 "pk": 10,
 "fields": {
  "app_label": "shop",
  "model": "cart"
 }
},
{
 "model": "contenttypes.contenttype",
 "pk": 11,
 "fields": {
  "app_label": "shop",
  "model": "orderitems"
 }
},
{
 "model": "contenttypes.contenttype",
 "pk": 12,
 "fields": {
  "app_label": "articles",
  "model": "article"
 }
},
{
 "model": "sessions.session",
 "pk": "7ew1i9oe9185ibuui61os4dbmc8fj9oz",
 "fields": {
  "session_data": "MmM2MTkxMmIzOGFlNmE4OTNiZGY4OWUxZmQ0ZGE4Y2RjZjI1NWFjODp7Il9hdXRoX3VzZXJfaWQiOiIyIiwiX2F1dGhfdXNlcl9iYWNrZW5kIjoiZGphbmdvLmNvbnRyaWIuYXV0aC5iYWNrZW5kcy5Nb2RlbEJhY2tlbmQiLCJfYXV0aF91c2VyX2hhc2giOiI4NTI4YmE5Mzg5NWE0ZGI2ZmEzNzE3NGE5ZWRlYTU4ZWQxYTkyZDRkIiwiY2FydCI6e319",
  "expire_date": "2020-08-10T16:07:27.990Z"
 }
},
{
 "model": "sessions.session",
 "pk": "c992jwk5q43cqge6xnpmwmpt96d73b5m",
 "fields": {
  "session_data": "ZWJmZTU3NGJkMzI1OTM3YTJlYTJmOWZlMDY5ZDZmMmZlODkxYjE5Nzp7Il9hdXRoX3VzZXJfaWQiOiIyIiwiX2F1dGhfdXNlcl9iYWNrZW5kIjoiZGphbmdvLmNvbnRyaWIuYXV0aC5iYWNrZW5kcy5Nb2RlbEJhY2tlbmQiLCJfYXV0aF91c2VyX2hhc2giOiI4NTI4YmE5Mzg5NWE0ZGI2ZmEzNzE3NGE5ZWRlYTU4ZWQxYTkyZDRkIn0=",
  "expire_date": "2020-08-02T12:47:15.011Z"
 }
},
{
 "model": "sessions.session",
 "pk": "nj3nhgfmuqfs9kfyylldhak9pwhzutk8",
 "fields": {
  "session_data": "OWIzZGMwOGUyYzc4ODNjODQzMjRhNjI1MDg2YzIxMGU0Y2UyMjUzYjp7Il9hdXRoX3VzZXJfaWQiOiIxIiwiX2F1dGhfdXNlcl9iYWNrZW5kIjoiZGphbmdvLmNvbnRyaWIuYXV0aC5iYWNrZW5kcy5Nb2RlbEJhY2tlbmQiLCJfYXV0aF91c2VyX2hhc2giOiIzMzYwMjkwMGE5Yzg4ZTcwNzYzMjEzM2RiNmVmZDQzZjgzZDExZjhkIn0=",
  "expire_date": "2020-07-29T16:16:20.863Z"
 }
},
{
 "model": "sessions.session",
 "pk": "p6jd3xkfnjridvn9pw7dgwd3vr8mvz8v",
 "fields": {
  "session_data": "OWIzZGMwOGUyYzc4ODNjODQzMjRhNjI1MDg2YzIxMGU0Y2UyMjUzYjp7Il9hdXRoX3VzZXJfaWQiOiIxIiwiX2F1dGhfdXNlcl9iYWNrZW5kIjoiZGphbmdvLmNvbnRyaWIuYXV0aC5iYWNrZW5kcy5Nb2RlbEJhY2tlbmQiLCJfYXV0aF91c2VyX2hhc2giOiIzMzYwMjkwMGE5Yzg4ZTcwNzYzMjEzM2RiNmVmZDQzZjgzZDExZjhkIn0=",
  "expire_date": "2020-07-27T15:47:42.518Z"
 }
},
{
 "model": "sessions.session",
 "pk": "tjwdm17hnkbeu8zupsj0frk40f0csh7k",
 "fields": {
  "session_data": "ODJjODZjMjBkYjRjOTVhYjExZjVkZmMxZTFjY2Y2MmMyZjgzMGE5Yjp7Il9hdXRoX3VzZXJfaWQiOiIzIiwiX2F1dGhfdXNlcl9iYWNrZW5kIjoiZGphbmdvLmNvbnRyaWIuYXV0aC5iYWNrZW5kcy5Nb2RlbEJhY2tlbmQiLCJfYXV0aF91c2VyX2hhc2giOiJlOTIyMWI5MTJlYmUzYmUyMDU3ZDkwZTgxYzUzZTJlNDZmYjU2Y2YxIiwiY2FydCI6eyJwaG9uZS03IjoxLCJwaG9uZS04IjoxLCJwaG9uZS05IjoxfX0=",
  "expire_date": "2020-08-02T18:04:29.993Z"
 }
},
{
 "model": "articles.article",
 "pk": 1,
 "fields": {
  "title": "test article1",
  "text": "<p>Sed ut perspiciatis <strong>unde omnis </strong>iste natus error sit voluptatem accusantium doloremque laudantium, totam rem aperiam, eaque ipsa quae ab illo inventore veritatis et quasi architecto beatae vitae dicta sunt explicabo. Nemo enim ipsam voluptatem quia voluptas sit aspernatur aut odit aut fugit, sed quia consequuntur magni dolores eos qui ratione voluptatem sequi nesciunt. Neque porro quisquam est, qui dolorem ipsum quia dolor sit amet, consectetur, adipisci velit, sed quia non numquam eius modi tempora incidunt ut labore et dolore magnam aliquam quaerat voluptatem. Ut enim ad minima veniam, quis nostrum exercitationem ullam corporis suscipit laboriosam, nisi ut aliquid ex ea commodi consequatur? Quis autem vel eum iure reprehenderit qui in ea voluptate velit esse quam nihil molestiae consequatur, vel illum qui dolorem eum fugiat quo voluptas nulla pariatur?</p>",
  "published_at": "2020-07-20T19:19:24Z",
  "image": "fufajka.jpg",
  "slug": "test-article1"
 }
},
{
 "model": "articles.article",
 "pk": 2,
 "fields": {
  "title": "test article2",
  "text": "<p>Lorem ipsum dolor sit amet, consectetur adipiscing elit, sed do eiusmod tempor incididunt ut labore et dolore magna aliqua. Ut enim ad minim veniam, quis nostrud exercitation ullamco laboris nisi ut aliquip ex ea commodo consequat. Duis aute irure dolor in reprehenderit in voluptate velit esse cillum dolore eu fugiat nulla pariatur. Excepteur sint occaecat cupidatat non proident, sunt in culpa qui officia deserunt mollit anim id est laborum.</p>",
  "published_at": "2020-07-23T19:20:02Z",
  "image": "nexus5x.webp",
  "slug": "test-article2"
 }
},
{
 "model": "shop.section",
 "pk": 3,
 "fields": {
  "name": "Gadgets",
  "slug": "gadgets",
  "parent": null,
  "lft": 1,
  "rght": 10,
  "tree_id": 4,
  "level": 0
 }
},
{
 "model": "shop.section",
 "pk": 4,
 "fields": {
  "name": "Phones",
  "slug": "phones",
  "parent": 3,
  "lft": 2,
  "rght": 5,
  "tree_id": 4,
  "level": 1
 }
},
{
 "model": "shop.section",
 "pk": 5,
 "fields": {
  "name": "SuperPhones",
  "slug": "superphones",
  "parent": 4,
  "lft": 3,
  "rght": 4,
  "tree_id": 4,
  "level": 2
 }
},
{
 "model": "shop.section",
 "pk": 6,
 "fields": {
  "name": "Watches",
  "slug": "watches",
  "parent": 3,
  "lft": 6,
  "rght": 9,
  "tree_id": 4,
  "level": 1
 }
},
{
 "model": "shop.section",
 "pk": 7,
 "fields": {
  "name": "Black Watches",
  "slug": "black-watches",
  "parent": 6,
  "lft": 7,
  "rght": 8,
  "tree_id": 4,
  "level": 2
 }
},
{
 "model": "shop.section",
 "pk": 8,
 "fields": {
  "name": "Accessories",
  "slug": "accessories",
  "parent": null,
  "lft": 1,
  "rght": 8,
  "tree_id": 3,
  "level": 0
 }
},
{
 "model": "shop.section",
 "pk": 9,
 "fields": {
  "name": "Watch stripes",
  "slug": "watch-stripes",
  "parent": 8,
  "lft": 4,
  "rght": 7,
  "tree_id": 3,
  "level": 1
 }
},
{
 "model": "shop.section",
 "pk": 10,
 "fields": {
  "name": "Phone cases",
  "slug": "phone-cases",
  "parent": 8,
  "lft": 2,
  "rght": 3,
  "tree_id": 3,
  "level": 1
 }
},
{
 "model": "shop.section",
 "pk": 13,
 "fields": {
  "name": "3d level",
  "slug": "3d-level",
  "parent": 9,
  "lft": 5,
  "rght": 6,
  "tree_id": 3,
  "level": 2
 }
},
{
 "model": "shop.product",
 "pk": 1,
 "fields": {
  "name": "phone 1",
  "image": "products/phone 1.png",
  "description": "phone 1 test description phone 1",
  "section": 4,
  "slug": "phone-1"
 }
},
{
 "model": "shop.product",
 "pk": 2,
 "fields": {
  "name": "phone 2",
  "image": "products/phone 2.png",
  "description": "phone 2 test description phone 2",
  "section": 4,
  "slug": "phone-2"
 }
},
{
 "model": "shop.product",
 "pk": 3,
 "fields": {
  "name": "phone 3",
  "image": "products/phone 3.png",
  "description": "phone 3 test description phone 3",
  "section": 4,
  "slug": "phone-3"
 }
},
{
 "model": "shop.product",
 "pk": 4,
 "fields": {
  "name": "phone 4",
  "image": "products/phone 4.png",
  "description": "phone 4 test description phone 4",
  "section": 4,
  "slug": "phone-4"
 }
},
{
 "model": "shop.product",
 "pk": 5,
 "fields": {
  "name": "phone 5",
  "image": "products/phone 5.png",
  "description": "phone 5 test description phone 5",
  "section": 4,
  "slug": "phone-5"
 }
},
{
 "model": "shop.product",
 "pk": 6,
 "fields": {
  "name": "phone 6",
  "image": "products/phone 6.png",
  "description": "phone 6 test description phone 6",
  "section": 4,
  "slug": "phone-6"
 }
},
{
 "model": "shop.product",
 "pk": 7,
 "fields": {
  "name": "phone 7",
  "image": "products/phone 7.png",
  "description": "phone 7 test description phone 7",
  "section": 4,
  "slug": "phone-7"
 }
},
{
 "model": "shop.product",
 "pk": 8,
 "fields": {
  "name": "phone 8",
  "image": "products/phone 8.png",
  "description": "phone 8 test description phone 8",
  "section": 4,
  "slug": "phone-8"
 }
},
{
 "model": "shop.product",
 "pk": 9,
 "fields": {
  "name": "phone 9",
  "image": "products/phone 9.png",
  "description": "phone 9 test description phone 9",
  "section": 4,
  "slug": "phone-9"
 }
},
{
 "model": "shop.product",
 "pk": 10,
 "fields": {
  "name": "phone 10",
  "image": "products/phone 10.png",
  "description": "phone 10 test description phone 10",
  "section": 4,
  "slug": "phone-10"
 }
},
{
 "model": "shop.product",
 "pk": 11,
 "fields": {
  "name": "phone 11",
  "image": "products/phone 11.png",
  "description": "phone 11 test description phone 11",
  "section": 4,
  "slug": "phone-11"
 }
},
{
 "model": "shop.product",
 "pk": 12,
 "fields": {
  "name": "phone 12",
  "image": "products/phone 12.png",
  "description": "phone 12 test description phone 12",
  "section": 4,
  "slug": "phone-12"
 }
},
{
 "model": "shop.product",
 "pk": 13,
 "fields": {
  "name": "phone 13",
  "image": "products/phone 13.png",
  "description": "phone 13 test description phone 13",
  "section": 4,
  "slug": "phone-13"
 }
},
{
 "model": "shop.product",
 "pk": 14,
 "fields": {
  "name": "phone 14",
  "image": "products/phone 14.png",
  "description": "phone 14 test description phone 14",
  "section": 4,
  "slug": "phone-14"
 }
},
{
 "model": "shop.product",
 "pk": 15,
 "fields": {
  "name": "phone 15",
  "image": "products/phone 15.png",
  "description": "phone 15 test description phone 15",
  "section": 4,
  "slug": "phone-15"
 }
},
{
 "model": "shop.product",
 "pk": 16,
 "fields": {
  "name": "phone 16",
  "image": "products/phone 16.png",
  "description": "phone 16 test description phone 16",
  "section": 4,
  "slug": "phone-16"
 }
},
{
 "model": "shop.product",
 "pk": 17,
 "fields": {
  "name": "phone 17",
  "image": "products/phone 17.png",
  "description": "phone 17 test description phone 17",
  "section": 4,
  "slug": "phone-17"
 }
},
{
 "model": "shop.product",
 "pk": 18,
 "fields": {
  "name": "phone 18",
  "image": "products/phone 18.png",
  "description": "phone 18 test description phone 18",
  "section": 4,
  "slug": "phone-18"
 }
},
{
 "model": "shop.product",
 "pk": 19,
 "fields": {
  "name": "phone 19",
  "image": "products/phone 19.png",
  "description": "phone 19 test description phone 19",
  "section": 4,
  "slug": "phone-19"
 }
},
{
 "model": "shop.product",
 "pk": 20,
 "fields": {
  "name": "watch 1",
  "image": "products/watch 1.png",
  "description": "watch 1 test description watch 1",
  "section": 6,
  "slug": "watch-1"
 }
},
{
 "model": "shop.product",
 "pk": 21,
 "fields": {
  "name": "watch 2",
  "image": "products/watch 2.png",
  "description": "watch 2 test description watch 2",
  "section": 6,
  "slug": "watch-2"
 }
},
{
 "model": "shop.product",
 "pk": 22,
 "fields": {
  "name": "case 1",
  "image": "products/case 1.png",
  "description": "case 1 test description case 1",
  "section": 10,
  "slug": "case-1"
 }
},
{
 "model": "shop.product",
 "pk": 23,
 "fields": {
  "name": "case 2",
  "image": "products/case 2.png",
  "description": "case 2 test description case 2",
  "section": 10,
  "slug": "case-2"
 }
},
{
 "model": "shop.product",
 "pk": 24,
 "fields": {
  "name": "case 3",
  "image": "products/case 3.png",
  "description": "case 3 test description case 3",
  "section": 10,
  "slug": "case-3"
 }
},
{
 "model": "shop.product",
 "pk": 25,
 "fields": {
  "name": "case 4",
  "image": "products/case 4.png",
  "description": "case 4 test description case 4",
  "section": 10,
  "slug": "case-4"
 }
},
{
 "model": "shop.product",
 "pk": 26,
 "fields": {
  "name": "case 5",
  "image": "products/case 5.png",
  "description": "case 5 test description case 5",
  "section": 10,
  "slug": "case-5"
 }
},
{
 "model": "shop.product",
 "pk": 27,
 "fields": {
  "name": "case 6",
  "image": "products/case 6.png",
  "description": "case 6 test description case 6",
  "section": 10,
  "slug": "case-6"
 }
},
{
 "model": "shop.product",
 "pk": 28,
 "fields": {
  "name": "case 7",
  "image": "products/case 7.png",
  "description": "case 7 test description case 7",
  "section": 10,
  "slug": "case-7"
 }
},
{
 "model": "shop.product",
 "pk": 29,
 "fields": {
  "name": "case 8",
  "image": "products/case 8.png",
  "description": "case 8 test description case 8",
  "section": 10,
  "slug": "case-8"
 }
},
{
 "model": "shop.product",
 "pk": 30,
 "fields": {
  "name": "case 9",
  "image": "products/case 9.png",
  "description": "case 9 test description case 9",
  "section": 10,
  "slug": "case-9"
 }
},
{
 "model": "shop.product",
 "pk": 31,
 "fields": {
  "name": "case 10",
  "image": "products/case 10.png",
  "description": "case 10 test description case 10",
  "section": 10,
  "slug": "case-10"
 }
},
{
 "model": "shop.product",
 "pk": 32,
 "fields": {
  "name": "case 11",
  "image": "products/case 11.png",
  "description": "case 11 test description case 11",
  "section": 10,
  "slug": "case-11"
 }
},
{
 "model": "shop.product",
 "pk": 33,
 "fields": {
  "name": "case 12",
  "image": "products/case 12.png",
  "description": "case 12 test description case 12",
  "section": 10,
  "slug": "case-12"
 }
},
{
 "model": "shop.product",
 "pk": 34,
 "fields": {
  "name": "case 13",
  "image": "products/case 13.png",
  "description": "case 13 test description case 13",
  "section": 10,
  "slug": "case-13"
 }
},
{
 "model": "shop.product",
 "pk": 35,
 "fields": {
  "name": "case 14",
  "image": "products/case 14.png",
  "description": "case 14 test description case 14",
  "section": 10,
  "slug": "case-14"
 }
},
{
 "model": "shop.product",
 "pk": 36,
 "fields": {
  "name": "case 15",
  "image": "products/case 15.png",
  "description": "case 15 test description case 15",
  "section": 10,
  "slug": "case-15"
 }
},
{
 "model": "shop.product",
 "pk": 37,
 "fields": {
  "name": "case 16",
  "image": "products/case 16.png",
  "description": "case 16 test description case 16",
  "section": 10,
  "slug": "case-16"
 }
},
{
 "model": "shop.product",
 "pk": 38,
 "fields": {
  "name": "case 17",
  "image": "products/case 17.png",
  "description": "case 17 test description case 17",
  "section": 10,
  "slug": "case-17"
 }
},
{
 "model": "shop.product",
 "pk": 39,
 "fields": {
  "name": "case 18",
  "image": "products/case 18.png",
  "description": "case 18 test description case 18",
  "section": 10,
  "slug": "case-18"
 }
},
{
 "model": "shop.product",
 "pk": 40,
 "fields": {
  "name": "case 19",
  "image": "products/case 19.png",
  "description": "case 19 test description case 19",
  "section": 10,
  "slug": "case-19"
 }
},
{
 "model": "shop.product",
 "pk": 41,
 "fields": {
  "name": "case 20",
  "image": "products/case 20.png",
  "description": "case 20 test description case 20",
  "section": 10,
  "slug": "case-20"
 }
},
{
 "model": "shop.product",
 "pk": 42,
 "fields": {
  "name": "case 21",
  "image": "products/case 21.png",
  "description": "case 21 test description case 21",
  "section": 10,
  "slug": "case-21"
 }
},
{
 "model": "shop.product",
 "pk": 43,
 "fields": {
  "name": "case 22",
  "image": "products/case 22.png",
  "description": "case 22 test description case 22",
  "section": 10,
  "slug": "case-22"
 }
},
{
 "model": "shop.product",
 "pk": 44,
 "fields": {
  "name": "case 23",
  "image": "products/case 23.png",
  "description": "case 23 test description case 23",
  "section": 10,
  "slug": "case-23"
 }
},
{
 "model": "shop.product",
 "pk": 45,
 "fields": {
  "name": "case 24",
  "image": "products/case 24.png",
  "description": "case 24 test description case 24",
  "section": 10,
  "slug": "case-24"
 }
},
{
 "model": "shop.product",
 "pk": 46,
 "fields": {
  "name": "case 25",
  "image": "products/case 25.png",
  "description": "case 25 test description case 25",
  "section": 10,
  "slug": "case-25"
 }
},
{
 "model": "shop.product",
 "pk": 47,
 "fields": {
  "name": "case 26",
  "image": "products/case 26.png",
  "description": "case 26 test description case 26",
  "section": 10,
  "slug": "case-26"
 }
},
{
 "model": "shop.product",
 "pk": 48,
 "fields": {
  "name": "case 27",
  "image": "products/case 27.png",
  "description": "case 27 test description case 27",
  "section": 10,
  "slug": "case-27"
 }
},
{
 "model": "shop.product",
 "pk": 49,
 "fields": {
  "name": "case 28",
  "image": "products/case 28.png",
  "description": "case 28 test description case 28",
  "section": 10,
  "slug": "case-28"
 }
},
{
 "model": "shop.product",
 "pk": 50,
 "fields": {
  "name": "case 29",
  "image": "products/case 29.png",
  "description": "case 29 test description case 29",
  "section": 10,
  "slug": "case-29"
 }
},
{
 "model": "shop.product",
 "pk": 51,
 "fields": {
  "name": "stripe 1",
  "image": "products/stripe 1.png",
  "description": "stripe 1 test description stripe 1",
  "section": 9,
  "slug": "stripe-1"
 }
},
{
 "model": "shop.product",
 "pk": 52,
 "fields": {
  "name": "stripe 2",
  "image": "products/stripe 2.png",
  "description": "stripe 2 test description stripe 2",
  "section": 9,
  "slug": "stripe-2"
 }
},
{
 "model": "shop.product",
 "pk": 53,
 "fields": {
  "name": "stripe 3",
  "image": "products/stripe 3.png",
  "description": "stripe 3 test description stripe 3",
  "section": 9,
  "slug": "stripe-3"
 }
},
{
 "model": "shop.product",
 "pk": 54,
 "fields": {
  "name": "stripe 4",
  "image": "products/stripe 4.png",
  "description": "stripe 4 test description stripe 4",
  "section": 9,
  "slug": "stripe-4"
 }
},
{
 "model": "shop.product",
 "pk": 55,
 "fields": {
  "name": "stripe 5",
  "image": "products/stripe 5.png",
  "description": "stripe 5 test description stripe 5",
  "section": 9,
  "slug": "stripe-5"
 }
},
{
 "model": "shop.product",
 "pk": 56,
 "fields": {
  "name": "stripe 6",
  "image": "products/stripe 6.png",
  "description": "stripe 6 test description stripe 6",
  "section": 9,
  "slug": "stripe-6"
 }
},
{
 "model": "shop.product",
 "pk": 57,
 "fields": {
  "name": "stripe 7",
  "image": "products/stripe 7.png",
  "description": "stripe 7 test description stripe 7",
  "section": 9,
  "slug": "stripe-7"
 }
},
{
 "model": "shop.product",
 "pk": 58,
 "fields": {
  "name": "stripe 8",
  "image": "products/stripe 8.png",
  "description": "stripe 8 test description stripe 8",
  "section": 9,
  "slug": "stripe-8"
 }
},
{
 "model": "shop.product",
 "pk": 59,
 "fields": {
  "name": "stripe 9",
  "image": "products/stripe 9.png",
  "description": "stripe 9 test description stripe 9",
  "section": 9,
  "slug": "stripe-9"
 }
},
{
 "model": "shop.product",
 "pk": 60,
 "fields": {
  "name": "stripe 10",
  "image": "products/stripe 10.png",
  "description": "stripe 10 test description stripe 10",
  "section": 9,
  "slug": "stripe-10"
 }
},
{
 "model": "shop.product",
 "pk": 61,
 "fields": {
  "name": "stripe 11",
  "image": "products/stripe 11.png",
  "description": "stripe 11 test description stripe 11",
  "section": 9,
  "slug": "stripe-11"
 }
},
{
 "model": "shop.product",
 "pk": 62,
 "fields": {
  "name": "stripe 12",
  "image": "products/stripe 12.png",
  "description": "stripe 12 test description stripe 12",
  "section": 9,
  "slug": "stripe-12"
 }
},
{
 "model": "shop.product",
 "pk": 63,
 "fields": {
  "name": "stripe 13",
  "image": "products/stripe 13.png",
  "description": "stripe 13 test description stripe 13",
  "section": 9,
  "slug": "stripe-13"
 }
},
{
 "model": "shop.product",
 "pk": 64,
 "fields": {
  "name": "stripe 14",
  "image": "products/stripe 14.png",
  "description": "stripe 14 test description stripe 14",
  "section": 9,
  "slug": "stripe-14"
 }
},
{
 "model": "shop.cart",
 "pk": 21,
 "fields": {}
},
{
 "model": "shop.cart",
 "pk": 22,
 "fields": {}
},
{
 "model": "shop.cart",
 "pk": 23,
 "fields": {}
},
{
 "model": "shop.cart",
 "pk": 24,
 "fields": {}
},
{
 "model": "shop.cart",
 "pk": 25,
 "fields": {}
},
{
 "model": "shop.cart",
 "pk": 26,
 "fields": {}
},
{
 "model": "shop.cart",
 "pk": 27,
 "fields": {}
},
{
 "model": "shop.cart",
 "pk": 28,
 "fields": {}
},
{
 "model": "shop.cart",
 "pk": 29,
 "fields": {}
},
{
 "model": "shop.cart",
 "pk": 30,
 "fields": {}
},
{
 "model": "shop.orderitems",
 "pk": 6,
 "fields": {
  "product": 1,
  "count": 2,
  "order": 5
 }
},
{
 "model": "shop.orderitems",
 "pk": 7,
 "fields": {
  "product": 2,
  "count": 1,
  "order": 5
 }
},
{
 "model": "shop.orderitems",
 "pk": 8,
 "fields": {
  "product": 5,
  "count": 1,
  "order": 5
 }
},
{
 "model": "shop.orderitems",
 "pk": 9,
 "fields": {
  "product": 3,
  "count": 2,
  "order": 5
 }
},
{
 "model": "shop.orderitems",
 "pk": 10,
 "fields": {
  "product": 2,
  "count": 2,
  "order": 6
 }
},
{
 "model": "shop.orderitems",
 "pk": 11,
 "fields": {
  "product": 5,
  "count": 1,
  "order": 7
 }
},
{
 "model": "shop.orderitems",
 "pk": 12,
 "fields": {
  "product": 6,
  "count": 1,
  "order": 7
 }
},
{
 "model": "shop.orderitems",
 "pk": 13,
 "fields": {
  "product": 22,
  "count": 1,
  "order": 8
 }
},
{
 "model": "shop.orderitems",
 "pk": 14,
 "fields": {
  "product": 24,
  "count": 1,
  "order": 8
 }
},
{
 "model": "shop.orderitems",
 "pk": 15,
 "fields": {
  "product": 21,
  "count": 2,
  "order": 8
 }
},
{
 "model": "shop.orderitems",
 "pk": 16,
 "fields": {
  "product": 51,
  "count": 1,
  "order": 8
 }
},
{
 "model": "shop.orderitems",
 "pk": 17,
 "fields": {
  "product": 22,
  "count": 1,
  "order": 9
 }
},
{
 "model": "shop.orderitems",
 "pk": 18,
 "fields": {
  "product": 26,
  "count": 1,
  "order": 9
 }
},
{
 "model": "shop.orderitems",
 "pk": 19,
 "fields": {
  "product": 45,
  "count": 1,
  "order": 9
 }
},
{
 "model": "shop.orderitems",
 "pk": 20,
 "fields": {
  "product": 23,
  "count": 1,
  "order": 9
 }
},
{
 "model": "shop.orderitems",
 "pk": 21,
 "fields": {
  "product": 47,
  "count": 1,
  "order": 12
 }
},
{
 "model": "shop.orderitems",
 "pk": 22,
 "fields": {
  "product": 58,
  "count": 1,
  "order": 12
 }
},
{
 "model": "shop.orderitems",
 "pk": 23,
 "fields": {
  "product": 13,
  "count": 1,
  "order": 12
 }
},
{
 "model": "shop.orderitems",
 "pk": 24,
 "fields": {
  "product": 44,
  "count": 1,
  "order": 12
 }
},
{
 "model": "shop.orderitems",
 "pk": 25,
 "fields": {
  "product": 15,
  "count": 1,
  "order": 12
 }
},
{
 "model": "shop.orderitems",
 "pk": 26,
 "fields": {
  "product": 22,
  "count": 1,
  "order": 12
 }
},
{
 "model": "shop.orderitems",
 "pk": 27,
 "fields": {
  "product": 23,
  "count": 3,
  "order": 12
 }
},
{
 "model": "shop.orderitems",
 "pk": 28,
 "fields": {
  "product": 49,
  "count": 1,
  "order": 13
 }
},
{
 "model": "auth.permission",
 "pk": 1,
 "fields": {
  "name": "Can add log entry",
  "content_type": 1,
  "codename": "add_logentry"
 }
},
{
 "model": "auth.permission",
 "pk": 2,
 "fields": {
  "name": "Can change log entry",
  "content_type": 1,
  "codename": "change_logentry"
 }
},
{
 "model": "auth.permission",
 "pk": 3,
 "fields": {
  "name": "Can delete log entry",
  "content_type": 1,
  "codename": "delete_logentry"
 }
},
{
 "model": "auth.permission",
 "pk": 4,
 "fields": {
  "name": "Can view log entry",
  "content_type": 1,
  "codename": "view_logentry"
 }
},
{
 "model": "auth.permission",
 "pk": 5,
 "fields": {
  "name": "Can add permission",
  "content_type": 2,
  "codename": "add_permission"
 }
},
{
 "model": "auth.permission",
 "pk": 6,
 "fields": {
  "name": "Can change permission",
  "content_type": 2,
  "codename": "change_permission"
 }
},
{
 "model": "auth.permission",
 "pk": 7,
 "fields": {
  "name": "Can delete permission",
  "content_type": 2,
  "codename": "delete_permission"
 }
},
{
 "model": "auth.permission",
 "pk": 8,
 "fields": {
  "name": "Can view permission",
  "content_type": 2,
  "codename": "view_permission"
 }
},
{
 "model": "auth.permission",
 "pk": 9,
 "fields": {
  "name": "Can add group",
  "content_type": 3,
  "codename": "add_group"
 }
},
{
 "model": "auth.permission",
 "pk": 10,
 "fields": {
  "name": "Can change group",
  "content_type": 3,
  "codename": "change_group"
 }
},
{
 "model": "auth.permission",
 "pk": 11,
 "fields": {
  "name": "Can delete group",
  "content_type": 3,
  "codename": "delete_group"
 }
},
{
 "model": "auth.permission",
 "pk": 12,
 "fields": {
  "name": "Can view group",
  "content_type": 3,
  "codename": "view_group"
 }
},
{
 "model": "auth.permission",
 "pk": 13,
 "fields": {
  "name": "Can add content type",
  "content_type": 4,
  "codename": "add_contenttype"
 }
},
{
 "model": "auth.permission",
 "pk": 14,
 "fields": {
  "name": "Can change content type",
  "content_type": 4,
  "codename": "change_contenttype"
 }
},
{
 "model": "auth.permission",
 "pk": 15,
 "fields": {
  "name": "Can delete content type",
  "content_type": 4,
  "codename": "delete_contenttype"
 }
},
{
 "model": "auth.permission",
 "pk": 16,
 "fields": {
  "name": "Can view content type",
  "content_type": 4,
  "codename": "view_contenttype"
 }
},
{
 "model": "auth.permission",
 "pk": 17,
 "fields": {
  "name": "Can add session",
  "content_type": 5,
  "codename": "add_session"
 }
},
{
 "model": "auth.permission",
 "pk": 18,
 "fields": {
  "name": "Can change session",
  "content_type": 5,
  "codename": "change_session"
 }
},
{
 "model": "auth.permission",
 "pk": 19,
 "fields": {
  "name": "Can delete session",
  "content_type": 5,
  "codename": "delete_session"
 }
},
{
 "model": "auth.permission",
 "pk": 20,
 "fields": {
  "name": "Can view session",
  "content_type": 5,
  "codename": "view_session"
 }
},
{
 "model": "auth.permission",
 "pk": 21,
 "fields": {
  "name": "Can add user",
  "content_type": 6,
  "codename": "add_user"
 }
},
{
 "model": "auth.permission",
 "pk": 22,
 "fields": {
  "name": "Can change user",
  "content_type": 6,
  "codename": "change_user"
 }
},
{
 "model": "auth.permission",
 "pk": 23,
 "fields": {
  "name": "Can delete user",
  "content_type": 6,
  "codename": "delete_user"
 }
},
{
 "model": "auth.permission",
 "pk": 24,
 "fields": {
  "name": "Can view user",
  "content_type": 6,
  "codename": "view_user"
 }
},
{
 "model": "auth.permission",
 "pk": 25,
 "fields": {
  "name": "Can add orders",
  "content_type": 7,
  "codename": "add_orders"
 }
},
{
 "model": "auth.permission",
 "pk": 26,
 "fields": {
  "name": "Can change orders",
  "content_type": 7,
  "codename": "change_orders"
 }
},
{
 "model": "auth.permission",
 "pk": 27,
 "fields": {
  "name": "Can delete orders",
  "content_type": 7,
  "codename": "delete_orders"
 }
},
{
 "model": "auth.permission",
 "pk": 28,
 "fields": {
  "name": "Can view orders",
  "content_type": 7,
  "codename": "view_orders"
 }
},
{
 "model": "auth.permission",
 "pk": 29,
 "fields": {
  "name": "Can add section",
  "content_type": 8,
  "codename": "add_section"
 }
},
{
 "model": "auth.permission",
 "pk": 30,
 "fields": {
  "name": "Can change section",
  "content_type": 8,
  "codename": "change_section"
 }
},
{
 "model": "auth.permission",
 "pk": 31,
 "fields": {
  "name": "Can delete section",
  "content_type": 8,
  "codename": "delete_section"
 }
},
{
 "model": "auth.permission",
 "pk": 32,
 "fields": {
  "name": "Can view section",
  "content_type": 8,
  "codename": "view_section"
 }
},
{
 "model": "auth.permission",
 "pk": 33,
 "fields": {
  "name": "Can add product",
  "content_type": 9,
  "codename": "add_product"
 }
},
{
 "model": "auth.permission",
 "pk": 34,
 "fields": {
  "name": "Can change product",
  "content_type": 9,
  "codename": "change_product"
 }
},
{
 "model": "auth.permission",
 "pk": 35,
 "fields": {
  "name": "Can delete product",
  "content_type": 9,
  "codename": "delete_product"
 }
},
{
 "model": "auth.permission",
 "pk": 36,
 "fields": {
  "name": "Can view product",
  "content_type": 9,
  "codename": "view_product"
 }
},
{
 "model": "auth.permission",
 "pk": 37,
 "fields": {
  "name": "Can add cart",
  "content_type": 10,
  "codename": "add_cart"
 }
},
{
 "model": "auth.permission",
 "pk": 38,
 "fields": {
  "name": "Can change cart",
  "content_type": 10,
  "codename": "change_cart"
 }
},
{
 "model": "auth.permission",
 "pk": 39,
 "fields": {
  "name": "Can delete cart",
  "content_type": 10,
  "codename": "delete_cart"
 }
},
{
 "model": "auth.permission",
 "pk": 40,
 "fields": {
  "name": "Can view cart",
  "content_type": 10,
  "codename": "view_cart"
 }
},
{
 "model": "auth.permission",
 "pk": 41,
 "fields": {
  "name": "Can add order items",
  "content_type": 11,
  "codename": "add_orderitems"
 }
},
{
 "model": "auth.permission",
 "pk": 42,
 "fields": {
  "name": "Can change order items",
  "content_type": 11,
  "codename": "change_orderitems"
 }
},
{
 "model": "auth.permission",
 "pk": 43,
 "fields": {
  "name": "Can delete order items",
  "content_type": 11,
  "codename": "delete_orderitems"
 }
},
{
 "model": "auth.permission",
 "pk": 44,
 "fields": {
  "name": "Can view order items",
  "content_type": 11,
  "codename": "view_orderitems"
 }
},
{
 "model": "auth.permission",
 "pk": 45,
 "fields": {
  "name": "Can add order",
  "content_type": 7,
  "codename": "add_order"
 }
},
{
 "model": "auth.permission",
 "pk": 46,
 "fields": {
  "name": "Can change order",
  "content_type": 7,
  "codename": "change_order"
 }
},
{
 "model": "auth.permission",
 "pk": 47,
 "fields": {
  "name": "Can delete order",
  "content_type": 7,
  "codename": "delete_order"
 }
},
{
 "model": "auth.permission",
 "pk": 48,
 "fields": {
  "name": "Can view order",
  "content_type": 7,
  "codename": "view_order"
 }
},
{
 "model": "auth.permission",
 "pk": 49,
 "fields": {
  "name": "Can add Article",
  "content_type": 12,
  "codename": "add_article"
 }
},
{
 "model": "auth.permission",
 "pk": 50,
 "fields": {
  "name": "Can change Article",
  "content_type": 12,
  "codename": "change_article"
 }
},
{
 "model": "auth.permission",
 "pk": 51,
 "fields": {
  "name": "Can delete Article",
  "content_type": 12,
  "codename": "delete_article"
 }
},
{
 "model": "auth.permission",
 "pk": 52,
 "fields": {
  "name": "Can view Article",
  "content_type": 12,
  "codename": "view_article"
 }
},
{
 "model": "registration.user",
 "pk": 1,
 "fields": {
  "password": "pbkdf2_sha256$150000$bvT8BBPfOL0M$vbwxcbgM5nDqnI9XKm5LKLkAryhvJa2HnMWZZXQu1jw=",
  "last_login": "2020-07-19T12:45:20.185Z",
  "is_superuser": true,
  "first_name": "",
  "last_name": "",
  "is_staff": true,
  "is_active": true,
  "date_joined": "2020-07-19T12:44:54.111Z",
  "email": "test@test.ru",
  "groups": [],
  "user_permissions": []
 }
},
{
 "model": "registration.user",
 "pk": 2,
 "fields": {
  "password": "pbkdf2_sha256$150000$3SKcJtvfUfiL$PdCPYUDpgCkSiFTf0/uNldNLT/n851on5bh7il7ghlk=",
  "last_login": "2020-07-27T15:31:52.145Z",
  "is_superuser": true,
  "first_name": "",
  "last_name": "",
  "is_staff": true,
  "is_active": true,
  "date_joined": "2020-07-19T12:47:00.588Z",
  "email": "admin@admin.ru",
  "groups": [],
  "user_permissions": []
 }
},
{
 "model": "registration.user",
 "pk": 3,
 "fields": {
  "password": "pbkdf2_sha256$150000$Bb3tH4b5XoGE$8rTvdoOOb2KaCaE5IDYC3S82vFgnDkYUMDE6jxW97XE=",
  "last_login": "2020-07-19T13:24:26.584Z",
  "is_superuser": false,
  "first_name": "",
  "last_name": "",
  "is_staff": false,
  "is_active": true,
  "date_joined": "2020-07-19T12:51:51.135Z",
  "email": "c@c.ru",
  "groups": [],
  "user_permissions": []
 }
},
{
 "model": "registration.user",
 "pk": 4,
 "fields": {
  "password": "pbkdf2_sha256$150000$eH7rgsXLhcuk$RvBJEO1/gSqMJbqWjNAk/6FuPm3klYEtHju8QaCkazY=",
  "last_login": null,
  "is_superuser": false,
  "first_name": "",
  "last_name": "",
  "is_staff": false,
  "is_active": true,
  "date_joined": "2020-07-23T18:25:57.961Z",
  "email": "ruy@mail.com",
  "groups": [],
  "user_permissions": []
 }
},
{
 "model": "registration.user",
 "pk": 5,
 "fields": {
  "password": "pbkdf2_sha256$150000$izLXYaO3g6Mk$ICJLleJ6C9JJ8TfZCPk5jzXssole/2OsSotG2KFwnlI=",
  "last_login": null,
  "is_superuser": false,
  "first_name": "",
  "last_name": "",
  "is_staff": false,
  "is_active": true,
  "date_joined": "2020-07-23T18:29:01.041Z",
  "email": "ruy7@mail.com",
  "groups": [],
  "user_permissions": []
 }
},
{
 "model": "registration.user",
 "pk": 6,
 "fields": {
  "password": "pbkdf2_sha256$150000$Ja0tCiwFwRkv$yuwmugzYoFIqma5o4TMOFg3DbxxmYOP8s4HyKSFoZto=",
  "last_login": null,
  "is_superuser": false,
  "first_name": "",
  "last_name": "",
  "is_staff": false,
  "is_active": true,
  "date_joined": "2020-07-23T18:30:38.671Z",
  "email": "ruy37@mail.com",
  "groups": [],
  "user_permissions": []
 }
},
{
 "model": "shop.order",
 "pk": 5,
 "fields": {
  "date": "2020-07-21",
  "user": 2
 }
},
{
 "model": "shop.order",
 "pk": 6,
 "fields": {
  "date": "2020-07-03",
  "user": 2
 }
},
{
 "model": "shop.order",
 "pk": 7,
 "fields": {
  "date": "2020-07-10",
  "user": 2
 }
},
{
 "model": "shop.order",
 "pk": 8,
 "fields": {
  "date": "2020-07-22",
  "user": 2
 }
},
{
 "model": "shop.order",
 "pk": 9,
 "fields": {
  "date": "2020-07-26",
  "user": 2
 }
},
{
 "model": "shop.order",
 "pk": 10,
 "fields": {
  "date": "2020-07-27",
  "user": 2
 }
},
{
 "model": "shop.order",
 "pk": 11,
 "fields": {
  "date": "2020-07-27",
  "user": 2
 }
},
{
 "model": "shop.order",
 "pk": 12,
 "fields": {
  "date": "2020-07-27",
  "user": 2
 }
},
{
 "model": "shop.order",
 "pk": 13,
 "fields": {
  "date": "2020-07-27",
  "user": 2
 }
},
{
 "model": "admin.logentry",
 "pk": 1,
 "fields": {
  "action_time": "2020-07-21T18:58:58.774Z",
  "user": 2,
  "content_type": 8,
  "object_id": "5",
  "object_repr": "superphones",
  "action_flag": 1,
  "change_message": "[{\"added\": {}}]"
 }
},
{
 "model": "admin.logentry",
 "pk": 2,
 "fields": {
  "action_time": "2020-07-21T20:00:40.987Z",
  "user": 2,
  "content_type": 7,
  "object_id": "3",
  "object_repr": "admin@admin.ru - 2020-07-02 - shop.OrderItems.None",
  "action_flag": 2,
  "change_message": "[{\"changed\": {\"fields\": [\"date\"]}}]"
 }
},
{
 "model": "admin.logentry",
 "pk": 3,
 "fields": {
  "action_time": "2020-07-21T20:00:53.764Z",
  "user": 2,
  "content_type": 7,
  "object_id": "6",
  "object_repr": "admin@admin.ru - 2020-07-03 - shop.OrderItems.None",
  "action_flag": 2,
  "change_message": "[{\"changed\": {\"fields\": [\"date\"]}}]"
 }
},
{
 "model": "admin.logentry",
 "pk": 4,
 "fields": {
  "action_time": "2020-07-21T20:01:09.139Z",
  "user": 2,
  "content_type": 7,
  "object_id": "7",
  "object_repr": "admin@admin.ru - 2020-07-10 - shop.OrderItems.None",
  "action_flag": 2,
  "change_message": "[{\"changed\": {\"fields\": [\"date\"]}}]"
 }
},
{
 "model": "admin.logentry",
 "pk": 5,
 "fields": {
  "action_time": "2020-07-22T12:43:15.952Z",
  "user": 2,
  "content_type": 8,
  "object_id": "6",
  "object_repr": "watches",
  "action_flag": 1,
  "change_message": "[{\"added\": {}}]"
 }
},
{
 "model": "admin.logentry",
 "pk": 6,
 "fields": {
  "action_time": "2020-07-22T12:43:50.780Z",
  "user": 2,
  "content_type": 8,
  "object_id": "7",
  "object_repr": "black-watches",
  "action_flag": 1,
  "change_message": "[{\"added\": {}}]"
 }
},
{
 "model": "admin.logentry",
 "pk": 7,
 "fields": {
  "action_time": "2020-07-22T12:44:33.946Z",
  "user": 2,
  "content_type": 8,
  "object_id": "8",
  "object_repr": "accessories",
  "action_flag": 1,
  "change_message": "[{\"added\": {}}]"
 }
},
{
 "model": "admin.logentry",
 "pk": 8,
 "fields": {
  "action_time": "2020-07-22T12:45:20.435Z",
  "user": 2,
  "content_type": 8,
  "object_id": "9",
  "object_repr": "watch-stripes",
  "action_flag": 1,
  "change_message": "[{\"added\": {}}]"
 }
},
{
 "model": "admin.logentry",
 "pk": 9,
 "fields": {
  "action_time": "2020-07-22T12:45:39.143Z",
  "user": 2,
  "content_type": 8,
  "object_id": "10",
  "object_repr": "phone-cases",
  "action_flag": 1,
  "change_message": "[{\"added\": {}}]"
 }
},
{
 "model": "admin.logentry",
 "pk": 10,
 "fields": {
  "action_time": "2020-07-22T12:49:09.735Z",
  "user": 2,
  "content_type": 8,
  "object_id": "11",
  "object_repr": "root",
  "action_flag": 1,
  "change_message": "[{\"added\": {}}]"
 }
},
{
 "model": "admin.logentry",
 "pk": 11,
 "fields": {
  "action_time": "2020-07-22T12:49:18.983Z",
  "user": 2,
  "content_type": 8,
  "object_id": "8",
  "object_repr": "accessories",
  "action_flag": 2,
  "change_message": "[{\"changed\": {\"fields\": [\"parent\"]}}]"
 }
},
{
 "model": "admin.logentry",
 "pk": 12,
 "fields": {
  "action_time": "2020-07-22T12:49:28.634Z",
  "user": 2,
  "content_type": 8,
  "object_id": "3",
  "object_repr": "gadgets",
  "action_flag": 2,
  "change_message": "[{\"changed\": {\"fields\": [\"parent\"]}}]"
 }
},
{
 "model": "admin.logentry",
 "pk": 13,
 "fields": {
  "action_time": "2020-07-22T16:05:42.864Z",
  "user": 2,
  "content_type": 8,
  "object_id": "12",
  "object_repr": "test_root_leaf",
  "action_flag": 1,
  "change_message": "[{\"added\": {}}]"
 }
},
{
 "model": "admin.logentry",
 "pk": 14,
 "fields": {
  "action_time": "2020-07-22T16:34:59.966Z",
  "user": 2,
  "content_type": 8,
  "object_id": "3",
  "object_repr": "gadgets",
  "action_flag": 2,
  "change_message": "[{\"changed\": {\"fields\": [\"parent\"]}}]"
 }
},
{
 "model": "admin.logentry",
 "pk": 15,
 "fields": {
  "action_time": "2020-07-22T16:35:07.826Z",
  "user": 2,
  "content_type": 8,
  "object_id": "8",
  "object_repr": "accessories",
  "action_flag": 2,
  "change_message": "[{\"changed\": {\"fields\": [\"parent\"]}}]"
 }
},
{
 "model": "admin.logentry",
 "pk": 16,
 "fields": {
  "action_time": "2020-07-22T16:35:23.515Z",
  "user": 2,
  "content_type": 8,
  "object_id": "11",
  "object_repr": "root",
  "action_flag": 3,
  "change_message": ""
 }
},
{
 "model": "admin.logentry",
 "pk": 17,
 "fields": {
  "action_time": "2020-07-22T16:47:06.402Z",
  "user": 2,
  "content_type": 8,
  "object_id": "13",
  "object_repr": "3d-level",
  "action_flag": 1,
  "change_message": "[{\"added\": {}}]"
 }
},
{
 "model": "admin.logentry",
 "pk": 18,
 "fields": {
  "action_time": "2020-07-22T16:58:30.164Z",
  "user": 2,
  "content_type": 8,
  "object_id": "12",
  "object_repr": "test_root_leaf",
  "action_flag": 3,
  "change_message": ""
 }
},
{
 "model": "admin.logentry",
 "pk": 19,
 "fields": {
  "action_time": "2020-07-23T19:19:46.057Z",
  "user": 2,
  "content_type": 12,
  "object_id": "1",
  "object_repr": "test article1",
  "action_flag": 1,
  "change_message": "[{\"added\": {}}]"
 }
},
{
 "model": "admin.logentry",
 "pk": 20,
 "fields": {
  "action_time": "2020-07-23T19:20:10.085Z",
  "user": 2,
  "content_type": 12,
  "object_id": "2",
  "object_repr": "test article2",
  "action_flag": 1,
  "change_message": "[{\"added\": {}}]"
 }
},
{
 "model": "admin.logentry",
 "pk": 21,
 "fields": {
  "action_time": "2020-07-26T14:55:46.048Z",
  "user": 2,
  "content_type": 12,
  "object_id": "1",
  "object_repr": "test article1",
  "action_flag": 2,
  "change_message": "[{\"changed\": {\"fields\": [\"text\"]}}]"
 }
},
{
 "model": "admin.logentry",
 "pk": 22,
 "fields": {
  "action_time": "2020-07-26T15:28:23.146Z",
  "user": 2,
  "content_type": 12,
  "object_id": "2",
  "object_repr": "test article2",
  "action_flag": 2,
  "change_message": "[{\"changed\": {\"fields\": [\"text\"]}}]"
 }
},
{
 "model": "admin.logentry",
 "pk": 23,
 "fields": {
  "action_time": "2020-07-26T15:28:34.367Z",
  "user": 2,
  "content_type": 12,
  "object_id": "1",
  "object_repr": "test article1",
  "action_flag": 2,
  "change_message": "[{\"changed\": {\"fields\": [\"text\"]}}]"
 }
},
{
 "model": "admin.logentry",
 "pk": 24,
 "fields": {
  "action_time": "2020-07-26T15:29:09.399Z",
  "user": 2,
  "content_type": 12,
  "object_id": "1",
  "object_repr": "test article1",
  "action_flag": 2,
  "change_message": "[{\"changed\": {\"fields\": [\"text\"]}}]"
 }
}
]
